barcode,brand,product_name,product_type,species,quantity,ingredients_text,protein_pct,fat_pct,fiber_pct,moisture_pct,kcal_100g,countries,image_url,unique_scans,completeness,has_ingredients,has_nutrition,evidence_status,match_confidence,review_status,source_type,source_url,accessed_date
5010394133852,PEDIGREE,pedigree biscotti multi mix,food,dog,500g,"Cereali, carni e derivati (di cui 1% di pollo nel biscotto bianco, 1% di manzo nel biscotto marrone e 1% di agnello nel biscotto rosso), sottoprodotti di origine vegetale, oli e grassi, sostanze minerali.",,,,,,France;Italy;Spain;Francia,https://images.openpetfoodfacts.org/images/products/501/039/413/3852/front_it.102.400.jpg,31,0.8,yes,yes,open_database,exact_barcode,needs_admin_review,open_pet_food_facts,https://world.openpetfoodfacts.org/product/5010394133852,2026-06-26
5998749117774,Catisfactions,Catisfactions met Smakelijke Kip 60 g,food,cat,60 g,"Cereals, oils and fats, vegetable by-products, meat and animal by-products (including 4% chicken), minerals, vegetable protein extracts",3.1,1.4,,,408.0,Netherlands,https://images.openpetfoodfacts.org/images/products/599/874/911/7774/front_es.46.400.jpg,28,0.65,yes,yes,open_database,exact_barcode,needs_admin_review,open_pet_food_facts,https://world.openpetfoodfacts.org/product/5998749117774,2026-06-26
5998749117750,Catisfactions,Catisfactions met Zalige Zalmsmaak 60 g,food,cat,60 g,"Céréales, viandes et sous-produits animaux, huiles et graisses, sous - végétale, extraits de protéines végétales, poissons et sous-produits de poissons (dont saumon 4%), substances minérales. Constituants protéine: 31; teneur en matières grasses: 21; matière inorganique: 10; cellulose brute: 1.7;",2.2,,0.0,,174.5,Netherlands,https://images.openpetfoodfacts.org/images/products/599/874/911/7750/front_fr.36.400.jpg,25,0.65,yes,yes,open_database,exact_barcode,needs_admin_review,open_pet_food_facts,https://world.openpetfoodfacts.org/product/5998749117750,2026-06-26
7613031571390,Purina,Croquettes Pour Chat Adulte Stérilisé Boeuf Bifensis,food,cat,1.5kg,"Abats de bœuf 16%, Protéines de volaille déshydratées, Blé 14%, Farine de soja, Maïs, Gluten de maïs, Graisses animale, Gluten de blé, Pulpe de betterave déshydratée, Racine de chicorée séchée 2%, Fibres végétales séchées, Substances minérales, Hydrolysat, Levures",,,,,,France,https://images.openpetfoodfacts.org/images/products/761/303/157/1390/front_fr.16.400.jpg,13,0.69,yes,yes,open_database,exact_barcode,needs_admin_review,open_pet_food_facts,https://world.openpetfoodfacts.org/product/7613031571390,2026-06-26
3700260216148,Ultima,Chats stérilisés adultes,food,cat,"1,5kg","Sau hydratées de volaille, mais olenes déshydratées de ba Betterave graisse animale, sel DDITIPS/kg. Additifs nutritionnels amine E 460 mg Vitamine Conopr BRE ELABORÉ POUR LES 6 proteine de mais, proteines otéines deshratées de porc amine D3 21300 com/sodium Pyridoxine 50mg, Taurine 1400 mg L-carnitine 500g Vitamine B6 ( 8,3 g Sulfate ferreux monohydraté 356 mgmg) indure de pose 1.2 mg, Sulfate de cuivre pentahydraté 45 mg (Cu 12 maj ele de man monohydrate 168 mg (Mn. 55 mg). Sulfate de zinc monohyde 550 mg (Za tenite de sodium 0,3 mg (Se, 0.15 mg) Avec des antioxygènes 26 Conserver.dans un en",,,,,,France,https://images.openpetfoodfacts.org/images/products/370/026/021/6148/front_fr.19.400.jpg,13,0.59,yes,yes,open_database,exact_barcode,needs_admin_review,open_pet_food_facts,https://world.openpetfoodfacts.org/product/3700260216148,2026-06-26
4008429081699,Catisfactions,Catisfactions Kattensnack zalige zalmsmaak maxi pack,food,cat,180 g,,,,,,,Netherlands,https://images.openpetfoodfacts.org/images/products/400/842/908/1699/front_fr.8.400.jpg,12,0.45,no,no,open_database,exact_barcode,needs_admin_review,open_pet_food_facts,https://world.openpetfoodfacts.org/product/4008429081699,2026-06-26
7613033136351,Purina,Purina One,food,cat,3kg,". En utilisant des assimilation optimale des nutriments. Information importante: le paquet de croquettes en format 9,75 kg vous est proposé dans un design différent de votre produit habituel. Nous vous garantissons cependant qu'il s'agit bien des mêmes croquettes et que leur qualité reste inchangée. Caractéristiques des croquettes PURINA ONE pour chat: • Bifensis Dual Defence: formule double défense qui contribue à améliorer le bien-être du chat, à l'intérieur comme à l'extérieur. Action cliniquement prouvée, augmente la formation d'anticorps dans l'intestin et favorise la santé de la peau et ",,,,,,France,https://images.openpetfoodfacts.org/images/products/761/303/313/6351/front_fr.29.400.jpg,10,0.79,yes,yes,open_database,exact_barcode,needs_admin_review,open_pet_food_facts,https://world.openpetfoodfacts.org/product/7613033136351,2026-06-26
3700260245117,ULTIMA,Croquettes pour chats,food,cat,"1,5kg",,3.5,1.2,,,209.2,France,https://images.openpetfoodfacts.org/images/products/370/026/024/5117/front_fr.23.400.jpg,10,0.59,no,yes,open_database,exact_barcode,needs_admin_review,open_pet_food_facts,https://world.openpetfoodfacts.org/product/3700260245117,2026-06-26
5000161032433,Gourmet,"Gourmet Perle Mini Filets In Saus, Volledig Nat Diervoeder Voor Volwassen Katten, Met Kip, Met Rund, Met Konijn, Met Zalm, 85g  Maaltijdzakje",food,cat,340 g,"Bœuf :Viandes et sous-produits animaux (15%, dont bœuf 4%), Extraits de protéines végétales, POISSONS et sous-produits de POISSONS, Substances minérales, Sucres.Poulet :Viandes et sous-produits animaux (17%, dont poulet 6%), Extraits de protéines végétales, POISSONS et sous-produits de POISSONS, Substances minérales, Sucres.Lapin :Viandes et sous-produits animaux (14%, dont lapin 4%), Extraits de protéines végétales, POISSONS et sous-produits de POISSONS, Substances minérales, Sucres.Saumon :Viandes et sous-produits animaux, Extraits de protéines végétales, POISSONS et sous-produits de POISSON",,,,,,Netherlands,https://images.openpetfoodfacts.org/images/products/500/016/103/2433/front_en.9.400.jpg,9,0.55,yes,yes,open_database,exact_barcode,needs_admin_review,open_pet_food_facts,https://world.openpetfoodfacts.org/product/5000161032433,2026-06-26
5998749117798,Catisfactions,Catisfactions met Heerlijke Kaas 60 g,food,cat,60 g,"Céréales, huiles et graisses, sous-produits d’origine végétale, viandes et sous-produits animaux, substances minérales, extraits de protéines végétales, lait et produits de laiterie (dont poudre de fromage déshydraté 2.2%, équivalent à 4% de fromage). Additifs par kg : Antioxygènes et Colorants ; Additifs nutritionnels : Vitamine A : 1293 UI, ​Vitamine B₁ : 9.9 mg, ​Vitamine B₂ : 16.9 mg, ​Vitamine B₆ : 4.4 mg, ​Vitamine D₃ : 143 UI, ​Vitamine E : 115 mg, ​Cuivre (Sulfate de cuivre (II) pentahydraté) : 6.8 mg, ​Iode (Iodure de potassium) : 1.7 mg, ​Manganèse (Sulfate manganeux, monohydraté) :",2.0,2.3,,,174.9,Netherlands,https://images.openpetfoodfacts.org/images/products/599/874/911/7798/front_nl.26.400.jpg,8,0.68,yes,yes,open_database,exact_barcode,needs_admin_review,open_pet_food_facts,https://world.openpetfoodfacts.org/product/5998749117798,2026-06-26
5010394996587,PEDIGREE,MARKIES ORIGINAL,food,dog,500gr,,1.43,1.07,0.0,,625.1,France,https://images.openpetfoodfacts.org/images/products/501/039/499/6587/front_fr.50.400.jpg,7,0.69,no,yes,open_database,exact_barcode,needs_admin_review,open_pet_food_facts,https://world.openpetfoodfacts.org/product/5010394996587,2026-06-26
7613035939899,Felix,Felix Party Mix Original,food,cat,200 g,,,,,,,France,https://images.openpetfoodfacts.org/images/products/761/303/593/9899/front_fr.6.400.jpg,7,0.59,no,no,open_database,exact_barcode,needs_admin_review,open_pet_food_facts,https://world.openpetfoodfacts.org/product/7613035939899,2026-06-26
3065890153707,whiskas,Whiskas pâté chat,food,cat,48,,,,,,,France,https://images.openpetfoodfacts.org/images/products/306/589/015/3707/front_fr.11.400.jpg,7,0.46,no,no,open_database,exact_barcode,needs_admin_review,open_pet_food_facts,https://world.openpetfoodfacts.org/product/3065890153707,2026-06-26
5998749129111,whiskas,Whiskas sec stérilisé au saumon 1 an et +,food,cat,"1,75 kg","céréales (dont blé 4%), viandes et sous produits animaux, sous-produits d'origine végétale (dont pulpe de betterave déshydratée 2%), huiles et graisses, substances minérales, poissons et sous-produits de poissons (dont saumon 4% dans les croquettes marrons clair), extraits de proteines vegetales, legumes (dont carottes déshydratées 0,5% (equivalent à 4% de carottes) dans les croquettes oranges et petits pois déshydratés 1% (équivalent à 4% de petits pois) dans les croquettes vertes) lrd croquettes marron clair représentent environ 49% dd la totalité ded croquettes de ce sac, les croquettes ora",3.0,1.2,,,156.5,France,https://images.openpetfoodfacts.org/images/products/599/874/912/9111/front_fr.7.400.jpg,6,0.78,yes,yes,open_database,exact_barcode,needs_admin_review,open_pet_food_facts,https://world.openpetfoodfacts.org/product/5998749129111,2026-06-26
4008429134869,Sheba,Sheba Filets kip met duurzame tonijn,food,cat,60 g,"Kipfilet (35%), tonijnfilet (4%), tapiocazetmeel, xylose, maltodextrine.",,,,,66.67,Netherlands,https://images.openpetfoodfacts.org/images/products/400/842/913/4869/front_nl.25.400.jpg,6,0.7,yes,yes,open_database,exact_barcode,needs_admin_review,open_pet_food_facts,https://world.openpetfoodfacts.org/product/4008429134869,2026-06-26
3182550702423,Royal canin,kitten 12mois,food,cat,2kg,"Protéines do volaille déshydratées, nz, isolat de prctéres végétales', graisses animales, mais, gluten de mais, hydrolysat de animalcs, fibres v6g6talcst pulpe do bottorave, levures et de huile de poisson, sels minéraux, huile do sqa, et graires (05 0%), fructod19Œsaccharidos (0,38 %), hydrdysat de bvure dipsaccharides), extrait do rose d'inde (source Méine), ADD(TIFS (au kg) : AddrtJÉ nutrrtmnels: Vitamine A: UI, Vitamim 03: 300 UI, E. El (Fer) : 40 mg, E2 (Iode) : 4 mg, E4 (CuiTe) : 12 E5 (Mavé*) : 52 E6 (Zro : 154 EB : 0,07 A&tfs : tbüte sôdirrmtare : 10 g - CajservatoŒs • CONSTITUANTS ANAL",0.0,0.0,0.0,5.5,0.0,France,https://images.openpetfoodfacts.org/images/products/318/255/070/2423/front_fr.43.400.jpg,6,0.69,yes,yes,open_database,exact_barcode,needs_admin_review,open_pet_food_facts,https://world.openpetfoodfacts.org/product/3182550702423,2026-06-26
8480000157423,Compy,"Comida gato esterilizado light con pollo, frutas y verduras",food,cat,"1,5",,,,,,,Spain,https://images.openpetfoodfacts.org/images/products/848/000/015/7423/front_es.4.400.jpg,6,0.68,no,no,open_database,exact_barcode,needs_admin_review,open_pet_food_facts,https://world.openpetfoodfacts.org/product/8480000157423,2026-06-26
4000487227361,Purina,150G Fun Tastix Jambon / Fromage Fido,food,dog,,"Aliment complémentaire 1' pour chiens adultes. osition : Céréales, extraits de protéines e g ycérol, sucres, viandes et sous•produits t fhUites et graisses, substances minérales, ait et produits de laiteric 'drc de fromage *équivalentà age blanc s : Additifs nutritionnels : UI/ g : Vit : 9800 ; 660 ; Vit E : 66 ; myag': Iodate de calcium : 2,5 ; Sulfata ln&lt;cncux monohydraté : 14,3 ; de zjlcmonohydrafé : 325 ; Sélénite de sodium : lÂïfs scnsoriclr mg/kg : arôme bacon : 3500. et co orants. 1 :nants analytiques : Protéine : TcnetJf : 4 5 % , cendres brutes : 3,3%, : i40 mg/kg, Acide linoléique",1.3,0.45,0.0,,5.0,France,https://images.openpetfoodfacts.org/images/products/400/048/722/7361/front_fr.11.400.jpg,6,0.59,yes,yes,open_database,exact_barcode,needs_admin_review,open_pet_food_facts,https://world.openpetfoodfacts.org/product/4000487227361,2026-06-26
8445290950154,Purina,Friskies 5 promesses bœuf poulet,food,cat,3 kg,"Céréales, Viandes et sous-produits animaux (20%, dont boeuf 2% et poulet 2% dans les croquettes en forme de cube 1°), Extraits de protéines végétales, Sous-produits d'origine végétale, Huiles et graisses, Substances minérales, Levures, Légumes (0,6% de légumes séchés, équivalent à 4% de légumes réhydratés dans les croquettes rondes 2°)  1° Contenu total dans le produit: 1,6% de bœuf et 1,6% de poulet. 2° Contenu total dans le produit: 0,6% de légumes réhydratés. Composition type: 80% de croquettes en forme de cube; 20% de croquettes rondes. Additifs : Additifs nutritionnels: Ul/kg: Vit A: 1650",,,,,,France,https://images.openpetfoodfacts.org/images/products/844/529/095/0154/front_fr.41.400.jpg,6,0.59,yes,yes,open_database,exact_barcode,needs_admin_review,open_pet_food_facts,https://world.openpetfoodfacts.org/product/8445290950154,2026-06-26
7613287079756,Gourmet,Gourmet Revelations Mousse Kattenvoer nat met Kip 4 x 57g,food,cat,4 x 57 g,,,,,,,Netherlands,https://images.openpetfoodfacts.org/images/products/761/328/707/9756/front_fr.3.400.jpg,6,0.55,no,yes,open_database,exact_barcode,needs_admin_review,open_pet_food_facts,https://world.openpetfoodfacts.org/product/7613287079756,2026-06-26
3222270001205,Purina,croquettes chiens purina,food,dog,1 kg e,,,,,,,France,https://images.openpetfoodfacts.org/images/products/322/227/000/1205/front_fr.48.400.jpg,6,0.47,no,no,open_database,exact_barcode,needs_admin_review,open_pet_food_facts,https://world.openpetfoodfacts.org/product/3222270001205,2026-06-26
7613035845084,Purina One,Croquettes pour chat,food,cat,,,3.7,1.3,,,46.0,France;United States,https://images.openpetfoodfacts.org/images/products/761/303/584/5084/front_fr.16.400.jpg,6,0.47,no,yes,open_database,exact_barcode,needs_admin_review,open_pet_food_facts,https://world.openpetfoodfacts.org/product/7613035845084,2026-06-26
7613033737060,Felix,Party Mix,food,cat,,,,,,,,France,https://images.openpetfoodfacts.org/images/products/761/303/373/7060/front_en.17.400.jpg,6,0.36,no,no,open_database,exact_barcode,needs_admin_review,open_pet_food_facts,https://world.openpetfoodfacts.org/product/7613033737060,2026-06-26
3760080533399,,Croquettes pour chat,food,cat,,,,,,,,France,https://images.openpetfoodfacts.org/images/products/376/008/053/3399/front_fr.5.400.jpg,6,0.28,no,no,open_database,exact_barcode,needs_admin_review,open_pet_food_facts,https://world.openpetfoodfacts.org/product/3760080533399,2026-06-26
3065890071049,Waltham,Whiskas au thon,food,cat,2 kg,"Céréales, viandes et sous-produits animaux, extraits de protéines végétales, huiles et graisses (dont huile de poissons 0,25%, huile de tournesol 0,1%), substances minérales (dont tripolyphosphate de sodium 0,2%), sous-produits d'origine végétale, poissons et sous-produits de poissons (thon 4% dans les croquettes marron clair), légumes (carottes 4% dans les croquettes orange, petits pois 4% dans les croquettes vertes).",32.0,10.5,,,,France,https://images.openpetfoodfacts.org/images/products/306/589/007/1049/front_fr.25.400.jpg,5,0.99,yes,yes,open_database,exact_barcode,needs_admin_review,open_pet_food_facts,https://world.openpetfoodfacts.org/product/3065890071049,2026-06-26
4056489407225,Orlando,Pure Taste,food,dog,1400 g,"Viande de poulet 26%, Viande de poulet fraîche 25%, flocons de pommes de terre, farine de pommes de terre, graisse de volaille 5%, carottes 4%, pulpe de betterave sucrière, hydrolysat de foie de volaille 2%, substances minérales, graines de lin 1%, chicorée 1%, levures 0.2% (B-Glucane 0.05%, Mannan-Oligosaccharides 0.04%).",,,,,,France,https://images.openpetfoodfacts.org/images/products/405/648/940/7225/front_fr.25.400.jpg,5,0.79,yes,yes,open_database,exact_barcode,needs_admin_review,open_pet_food_facts,https://world.openpetfoodfacts.org/product/4056489407225,2026-06-26
7613035379114,Purina,Friandises Pour Chien Adulte Medium +10kg Hygiène Bucco Dentaire DENTALIFE,food,dog,345g,"Céreales, Glycérol, Substances minérales, Levures, Huiles et graisses, Viandes et sous-produits animaux 1.1%, Equivalent à 4% de viandes et sous-produits animaux réhydratés",,,,14.0,,France,https://images.openpetfoodfacts.org/images/products/761/303/537/9114/front_fr.12.400.jpg,5,0.69,yes,yes,open_database,exact_barcode,needs_admin_review,open_pet_food_facts,https://world.openpetfoodfacts.org/product/7613035379114,2026-06-26
7613287790866,Purina,junior,food,cat,8 x 85 g,,,,,,,France,https://images.openpetfoodfacts.org/images/products/761/328/779/0866/front_fr.4.400.jpg,5,0.59,no,no,open_database,exact_barcode,needs_admin_review,open_pet_food_facts,https://world.openpetfoodfacts.org/product/7613287790866,2026-06-26
3560070828425,Carrefour,Companino Vitalive JUNIOR 2-12 MOIS,food,cat,450 g,"Céréales, viandes et sous-produits animaux (dont protéines de poulet désyhdratées 4% dans les croquettes au poulet), sous-produits d'origine végétale, huiles et graisses, substances minérales, lait et produits de laiterie (1% de poudre de lait équivalent à 16% de lait dans les croquettes au lait), légumes (1% de carottes déshydratées équivalent à 8% de carottes dans les croquettes au carottes), extrait de protéines végétales. 62% de croquettes en forme d'étoile marron au poulet 22% de croquettes en forme de bille marron au lait 10% de croquettes en forme d'étoile orange aux carottes _Const",,,,,,France;Italy;Poland;Romania;Spain,https://images.openpetfoodfacts.org/images/products/356/007/082/8425/front_fr.39.400.jpg,5,0.57,yes,yes,open_database,exact_barcode,needs_admin_review,open_pet_food_facts,https://world.openpetfoodfacts.org/product/3560070828425,2026-06-26
7613033736926,Purina,snack gato party,food,cat,60 g,,,,,,,Spain,https://images.openpetfoodfacts.org/images/products/761/303/373/6926/front_es.23.400.jpg,5,0.56,no,no,open_database,exact_barcode,needs_admin_review,open_pet_food_facts,https://world.openpetfoodfacts.org/product/7613033736926,2026-06-26
5410213009854,Fido,Picnic Festival,food,dog,126 g,,,,,,,France,https://images.openpetfoodfacts.org/images/products/541/021/300/9854/front_fr.3.400.jpg,5,0.47,no,no,open_database,exact_barcode,needs_admin_review,open_pet_food_facts,https://world.openpetfoodfacts.org/product/5410213009854,2026-06-26
8445290099426,,purina  One bifensis sterilcat,food,cat,800 gr,,,,,,,Italy,https://images.openpetfoodfacts.org/images/products/844/529/009/9426/front_it.14.400.jpg,5,0.36,no,no,open_database,exact_barcode,needs_admin_review,open_pet_food_facts,https://world.openpetfoodfacts.org/product/8445290099426,2026-06-26
5902944912478,,micho pâte  pour les chats,food,cat,100 g,,,,,,,Morocco,,5,0.36,no,no,open_database,exact_barcode,needs_admin_review,open_pet_food_facts,https://world.openpetfoodfacts.org/product/5902944912478,2026-06-26
4056489928232,Cowhide,Cat nibbles,food,cat,,,,,,,,Morocco,https://images.openpetfoodfacts.org/images/products/405/648/992/8232/front_en.8.400.jpg,5,0.26,no,no,open_database,exact_barcode,needs_admin_review,open_pet_food_facts,https://world.openpetfoodfacts.org/product/4056489928232,2026-06-26
8595602527441,Carnilove,Fresh carp & trout for adult cats sterilized,food,cat,2kg,"Fresh carp 25%, Dried trout 20%, Hydrolyzed salmon 14%, Dried salmon 12%, Pumpkin, Chicken fat, Chickpeas, Peas, Chicken liver 3%, Salmon oil 2%, Apples, Carrots, Flaxseed, Hydrolyzed crustacean shells, Cartilage extract, Brewer's yeast, Chicory root, Yucca schidigera 0.01%, Algae 0.01%, Psyllium 0.01%, Thyme 0.01%, Rosemary 0.01%, Oregano 0.01%, Cranberries 0.0008%, Blueberries 0.0008%, Sea buckthorn 0.0008%, Ginger root 0.0008%, Sage 0.0008%",,,,10.0,363.0,Spain,https://images.openpetfoodfacts.org/images/products/859/560/252/7441/front_es.4.400.jpg,4,0.76,yes,yes,open_database,exact_barcode,needs_admin_review,open_pet_food_facts,https://world.openpetfoodfacts.org/product/8595602527441,2026-06-26
8410650160214,affinity,Appetito Difficile,food,cat,400 g,,0.2,0.2,,,0.2,France,https://images.openpetfoodfacts.org/images/products/841/065/016/0214/front_fr.19.400.jpg,4,0.69,no,yes,open_database,exact_barcode,needs_admin_review,open_pet_food_facts,https://world.openpetfoodfacts.org/product/8410650160214,2026-06-26
5998749108536,Whiskas,Friandises Les Irrésistibles saumon,food,cat,60g,"Céréales, sous-produits d'origine végétale, huiles et graisses, viandes et sous-produits animaux, extraits de protéines végétales, substances minérales.",,,,,411.0,France,https://images.openpetfoodfacts.org/images/products/599/874/910/8536/front_fr.36.400.jpg,4,0.69,yes,yes,open_database,exact_barcode,needs_admin_review,open_pet_food_facts,https://world.openpetfoodfacts.org/product/5998749108536,2026-06-26
7613034129376,PURINA,CHAT STERILISE SAUMON,food,cat,3kg,"Saumon (15%), protéines de volaille déshydratées, blé (15%), farine de soja, maïs, gluten de maïs, gluten de blé, graisse animale, pulpe de bette déshydratée, racine de chicorée déshydratée, protéines de poisson déshydratées, sels minéraux, hydrolysate (avec ajout de 0,025% de poudre de Lactobacillus Delbrueckii et Fermentum traitée thermiquement), levures. Additifs : Additifs nutritionnels : UI/kg : Vit A : 36 960 ; Vit D3 : 1 200 ; Vit E : 460 mg/kg : Vit C : 140 ; Taurine : 780 ; Sulfate ferreux monohydraté : 230 ; Iodate de, calcium anhydre : 2,9 ; Sulfate cuivrique pentahydraté : 46 ; Sul",0.04,0.01,,,3.0,France,https://images.openpetfoodfacts.org/images/products/761/303/412/9376/front_fr.19.400.jpg,4,0.69,yes,yes,open_database,exact_barcode,needs_admin_review,open_pet_food_facts,https://world.openpetfoodfacts.org/product/7613034129376,2026-06-26
3065890135208,Cesar,Aliment complet pour chien adultes au veau et aux des de carottes,food,dog,300 g,"Viandes et sous-produits animaux (min 55% dont veau min 4%), légumes (carottes min 4%), substances minérales, sous produits d'origine végétale.",5.8,2.5,5.2,,0.1,France,https://images.openpetfoodfacts.org/images/products/306/589/013/5208/front_fr.7.400.jpg,4,0.68,yes,yes,open_database,exact_barcode,needs_admin_review,open_pet_food_facts,https://world.openpetfoodfacts.org/product/3065890135208,2026-06-26
7613036730358,Felix,Tendres effilés selection de la campagne,food,cat,12 x 85 g,,,,,,,France,https://images.openpetfoodfacts.org/images/products/761/303/673/0358/front_fr.9.400.jpg,4,0.68,no,no,open_database,exact_barcode,needs_admin_review,open_pet_food_facts,https://world.openpetfoodfacts.org/product/7613036730358,2026-06-26
9003579000366,Royal canin,RC cat food urinary care,food,cat,85g,"Viandes et sous-produits animaux, céréales, sous-produits d'origine végétale, substances minérales, sucres. ADDITIFS (au kg): Additifs nutritionnels : Vitamine D3: 330 UI, E1 (Fer): 3 mg, E2 (lode): 0,2 mg, E4 (Cuivre): 2 mg, E5 (Manganèse): 1,9 mg, E6 (Zinc): 9 mg.",0.92,2.5,,,,United Kingdom,https://images.openpetfoodfacts.org/images/products/900/357/900/0366/front_en.20.400.jpg,4,0.66,yes,yes,open_database,exact_barcode,needs_admin_review,open_pet_food_facts,https://world.openpetfoodfacts.org/product/9003579000366,2026-06-26
5900951258602,Whiskas,Junior,food,cat,"1,9 kg","céréales, viande et sous-produits d'origine animale (dont 4 % de poulet dans les croquettes marron), huiles et graisses, extraits de protéines végétales, minéraux, lait et produits de laiterie (0,7 % de lait écrémé en poudre dans les croquettes fourrées, correspondant à 4 % de lait écrémé), sous-produits d'origine végétale, légumes (4 % de carottes dans les croquettes orange, 4 % de petits pois dans les croquettes vertes). vitamine A (3 140 UI/kg), vitamine D3 (345 UI/kg), vitamine E (545 mg/kg), sulfate de cuivre pentahydraté (26 mg/kg), sulfate de manganèse (II) monohydraté (24,4 mg/kg), io",,,,,,France;Germany,https://images.openpetfoodfacts.org/images/products/590/095/125/8602/front_de.4.400.jpg,4,0.66,yes,yes,open_database,exact_barcode,needs_admin_review,open_pet_food_facts,https://world.openpetfoodfacts.org/product/5900951258602,2026-06-26
7613037978018,Purina,Dentalife,food,cat,140 g,"Viandes et sous-produits animaux (20% de protéines de volaille déshydratées dont 4% de poulet), Céréales, Extraits de protéines végétales, Huiles et graisses, Sous-produits d'ange végétale, Substances minérales, Poissons et sous-produits de poissons, Glycérol, Levures. Additifs: Additifs nutritionnels: UV/kg: Vit A: 32000; Vit D 1000; Vit E 950 Sulfate de fer (1) monohydraté: (Fe: 100); lodate de calcium anhydre: (1: 2,5); Sulfate de cuivre (II) pentahydraté: (Cu: 15); Sulfate manganeux monohydraté: (Mn: 47): Su sodium: (Se: 0,14). Constituants Protéine: 35%, Teneur 9%, Cellulose brute: 3,6%, ",,,,,,France,https://images.openpetfoodfacts.org/images/products/761/303/797/8018/front_fr.3.400.jpg,4,0.59,yes,no,open_database,exact_barcode,needs_admin_review,open_pet_food_facts,https://world.openpetfoodfacts.org/product/7613037978018,2026-06-26
5902944912454,Micho,Tender with Poultry,food,cat,100 g,,,,,,,Morocco,https://images.openpetfoodfacts.org/images/products/590/294/491/2454/front_en.3.400.jpg,4,0.49,no,no,open_database,exact_barcode,needs_admin_review,open_pet_food_facts,https://world.openpetfoodfacts.org/product/5902944912454,2026-06-26
8720299276567,,freya,food,cat,,"Dried chicken protein (38%), whole grain maize, whole grain wheat whole peas, chicken sh and chicken protein, dried beet pulp, salmon oil, dried chicory root (a natural source of fructo-oligosaccharides and inulin), minerals, yeast hydrolysate (a natural source of manna-oligosaccharides and beta gucans) Additives (per kg Nutritional additives: Vitamin A: 20000 IU Vitamin D3: 1750 IU; Vitamin E: 200 mg: Taurine: 1500 mg: Iron (Iron sulphate monohydrate): 70.0 mq; lodine (Calcium iodate anhydrous) 1-3 Copp Analytical constituents: Crude protein 36.0%, Crude fat 18.0%, Crude fibre 2.4%, Crude ash",,,,,,France,https://images.openpetfoodfacts.org/images/products/872/029/927/6567/front_it.10.400.jpg,4,0.47,yes,yes,open_database,exact_barcode,needs_admin_review,open_pet_food_facts,https://world.openpetfoodfacts.org/product/8720299276567,2026-06-26
20302498,Lidl,Katzenfutter Fisch Coshida,food,cat,1pcs,,,,,,,Germany,https://images.openpetfoodfacts.org/images/products/000/002/030/2498/front_ro.10.400.jpg,4,0.45,no,no,open_database,exact_barcode,needs_admin_review,open_pet_food_facts,https://world.openpetfoodfacts.org/product/20302498,2026-06-26
5000161032457,Gourmet,"Gourmet Perle Mini Filets Kattenvoer nat met Kalkoen, Eend, Tonijn en Lam",food,cat,12 x 85 g,,,,,,,Netherlands,https://images.openpetfoodfacts.org/images/products/500/016/103/2457/front_fr.8.400.jpg,4,0.45,no,no,open_database,exact_barcode,needs_admin_review,open_pet_food_facts,https://world.openpetfoodfacts.org/product/5000161032457,2026-06-26
3428460049624,Les Repas Plaisir,Paté with Chicken,food,cat,,,,,,,,Morocco,https://images.openpetfoodfacts.org/images/products/342/846/004/9624/front_en.3.400.jpg,4,0.39,no,no,open_database,exact_barcode,needs_admin_review,open_pet_food_facts,https://world.openpetfoodfacts.org/product/3428460049624,2026-06-26
3760185060905,octave prestige,croquette adulte light/stérilisé moyenne et grande race,food,dog,15 kg,"Blé, Maïs, viandes déshydratées de canard 16%, graisse de canard, pulpe de betterave, gluten de maïs, poudre d'oeuf, levures, hydrolysat de protéines animales, argile, chlorure de sodium, glucosamine, sulfate de chondroïtine.  Additifs nutritionnels au kg:  E672 / Vitamine A:  20000 UI, E671 / Vitamine D3: 2000 UI, Vitamine E: 400 mg E2/Iode : 2mg E6/Zinc: 200mg E4/Cuivre: 23mg E8/Sélénium: 0.4mg E5/manganèse: 68mg  Conservateurs: Liants E562: Sépiolite 18730mg/Kg E558: Montmorillonite 3700mg/Kg Energie métabolisable humide 3200 Kcal/Kg",,,,,,France,https://images.openpetfoodfacts.org/images/products/376/018/506/0905/front_fr.3.400.jpg,4,0.0,yes,no,open_database,exact_barcode,needs_admin_review,open_pet_food_facts,https://world.openpetfoodfacts.org/product/3760185060905,2026-06-26
3560071001636,Carrefour,Companino Vitalive Adult,food,cat,2 kg,"Céréales, viandes et sous produits animaux, sous-produits d'origine végétale, huiles et graisses, poissons et sous-produits de poissons (dont poisson déshydraté 4% dans les croquettes au poisson), substances minérales, extraits de protéines végétales, légumes (carottes déshydratées 0,6% équivalent à 4% de carottes dans les croquettes aux carottes, pois 4% dans les croquettes aux pois), levures. 35% de croquettes au poisson, 10% de croquettes aux carottes, 10% de croquettes aux pois dans le produit fini.",3.0,1.0,0.35,,,France;Italy;Poland;Romania;Spain,https://images.openpetfoodfacts.org/images/products/356/007/100/1636/front_fr.63.400.jpg,3,0.99,yes,yes,open_database,exact_barcode,needs_admin_review,open_pet_food_facts,https://world.openpetfoodfacts.org/product/3560071001636,2026-06-26
3250392612221,Canaillou,terrines pour chats,food,cat,1200 g,"Viandes et abats 70% (cœur et foie volaille 20%, bœuf, poulet), crevettes krill 0,5%, minéraux. Constituants analytiques: Protéine brute: 12%; Cellulose brute : 0,1%; Matières grasses brutes: 4,5%; Cendres brutes: 2%; Humidité : 81%; taux de glucides: 0,4%. TERRINE À LA SARDINE - La sardine dans ce produit provient d'une pêcherie qui a répondu au référentiel environnemental du MSC pour une pêche durable et bien gérée. www.msc.org/fr Composition: viandes et abats 55% (volaille, bœuf, poulet, rognons), sardines MSC 15%, minéraux. Constituants analytiques: Protéine brute : 10,5%; Cellulose brute:",,,,,,France,https://images.openpetfoodfacts.org/images/products/325/039/261/2221/front_fr.28.400.jpg,3,0.89,yes,yes,open_database,exact_barcode,needs_admin_review,open_pet_food_facts,https://world.openpetfoodfacts.org/product/3250392612221,2026-06-26
8717249776390,Mr goodlad,Training Treats - Chicken & beef,treat,dog,500g,"Cereals, Chicken 15%, Beef 4%, Meat and animal derivatives, Oils and fats, Various sugars, Minerals",,,,18.0,330.0,France,https://images.openpetfoodfacts.org/images/products/871/724/977/6390/front_en.27.400.jpg,3,0.8,yes,yes,open_database,exact_barcode,needs_admin_review,open_pet_food_facts,https://world.openpetfoodfacts.org/product/8717249776390,2026-06-26
5701170311228,Specific,Specific Senior,food,cat,"7,5 kg","Céréales, extraits de protéines végétales, huiles et graisses, sous-produits d'origine végétale, poissons et sous-produits de poissons, oeufs et produits d'oeufs, substances minérales, viandes et sous-produits animaux.",2.63,1.73,0.4,,,France,https://images.openpetfoodfacts.org/images/products/570/117/031/1228/front_fr.14.400.jpg,3,0.79,yes,yes,open_database,exact_barcode,needs_admin_review,open_pet_food_facts,https://world.openpetfoodfacts.org/product/5701170311228,2026-06-26
9003579309445,Royal Canin,Gastrointestinal,food,dog,400 g,no hay información,,,,,,Spain,https://images.openpetfoodfacts.org/images/products/900/357/930/9445/front_fr.10.400.jpg,3,0.78,yes,no,open_database,exact_barcode,needs_admin_review,open_pet_food_facts,https://world.openpetfoodfacts.org/product/9003579309445,2026-06-26
8595602527397,carnilove,Fresh Chicken & Rabbit Gourmand,food,cat,2 kg,"poulet frais (42 %), lapin séché (22 %), canard séché (6 %), graisse de poulet (conservée par des tocophérols, 5 %), citrouille, pois chiches, pois, foie de poulet (3 %), huile de saumon (2 %), pommes, carottes, graine de lin, coquilles de crustacés hydrolysées (source de glucosamine, 0,026 %), extrait de cartilage (source de chondroïtine, 0,016 %), levure de bière (source de manno-oligosaccharides, 0,015 %), racines de chicorée (source de fructo-oligosaccharides, 0,012 %), Yucca schidigera (0,01 %), algues (0,01 %), psyllium (0,01 %), thym (0,01 %), romarin (0,01 %), origan (0,01 %), airelles",,,,10.0,,France,https://images.openpetfoodfacts.org/images/products/859/560/252/7397/front_fr.4.400.jpg,3,0.69,yes,yes,open_database,exact_barcode,needs_admin_review,open_pet_food_facts,https://world.openpetfoodfacts.org/product/8595602527397,2026-06-26
9003579311660,Royal canin,Mother & Babycat,food,cat,195g,"Meat and animal by-products, Cereals, Vegetable protein extracts, Vegetable by-products, Milk and milk by-products, Oils and fats, Minerals, Yeast, Sugar",,,,79.0,,Sweden;Allemagne,https://images.openpetfoodfacts.org/images/products/900/357/931/1660/front_en.30.400.jpg,3,0.69,yes,yes,open_database,exact_barcode,needs_admin_review,open_pet_food_facts,https://world.openpetfoodfacts.org/product/9003579311660,2026-06-26
4017721838252,Animonda,Carny Adult Huhn+Lachs,food,cat,400g,"60 % Huhn (Huhnmagen, Huhnleber, Huhnfleisch, Huhnherz, Huhnfett), 10 % Lachs, Calcium carbonat, Natriumchlorid",1.1,0.6,,79.0,,Germany,https://images.openpetfoodfacts.org/images/products/401/772/183/8252/front_en.11.400.jpg,3,0.68,yes,yes,open_database,exact_barcode,needs_admin_review,open_pet_food_facts,https://world.openpetfoodfacts.org/product/4017721838252,2026-06-26
4008429055331,Dreamies,Cat Treat Biscuits With Cheese & Beef Flavour,treat,cat,60g,"Cereals, Derivatives of vegetable origin, Oils and fats, Meat and animal derivatives (including beef 4% in the brown kibble), Minerals, Natural ingredients, Milk and milk derivatives, Vegetable protein extracts",,,,,,United Kingdom,https://images.openpetfoodfacts.org/images/products/400/842/905/5331/front_en.6.400.jpg,3,0.66,yes,no,open_database,exact_barcode,needs_admin_review,open_pet_food_facts,https://world.openpetfoodfacts.org/product/4008429055331,2026-06-26
8410650220253,Ultima,Ultima nature adulte stérilisé,food,cat,400gr,,,,,,,France,https://images.openpetfoodfacts.org/images/products/841/065/022/0253/front_fr.47.400.jpg,3,0.66,no,no,open_database,exact_barcode,needs_admin_review,open_pet_food_facts,https://world.openpetfoodfacts.org/product/8410650220253,2026-06-26
7613034452481,Gourmet,"Gourmet Mon Petit Intense Fijne stukjes met Tonijn, Zalm & Forel 6x50g",food,cat,6 x 50 g,"OLLED/G D' EVER • MET TONLIN :omposition : Viandes et sous-produits animaux. extraits de es végétales, poissons et sous-produits de poissons (thcn Samenstelling: vies en dierroke tracten,vis en visbijproducten Viandes et sous-produits animaux, extraits de proteines Compositbne sons et sous-produits de poissons (saumon 4c,t), substances Iles, Samenstelling: viees en dierlijke bijproducten, plantaardige iwitextracten, vis en visbijproducten (zalm 4+6), mineralen, suiker, gist. 2x A LA TRUITE • MET FOREI Composition : Viandes et sous-produits animaux, extraits de protéines végétales, poissons et ",1.2,0.3,,,2.0,Netherlands,,3,0.65,yes,yes,open_database,exact_barcode,needs_admin_review,open_pet_food_facts,https://world.openpetfoodfacts.org/product/7613034452481,2026-06-26
8595602521449,Brit,Brit Care Superfruits Salmon,food,cat,100 g,"GRAIN FREE SUPERFOOD SNACK FOR STERILISED CATS SALMON, ROSEHIP, CRANBERRY COMPLEMENTARY CAT FOOD. COMPOSITION: salmon dehydrated meal (40%) , yellow peas, hydrolyzed chicken protein (8 %), sweet potatoes, chicken fat (preserved with tocopherols, 6%) , tapioca starch, cranberies (4%), rosehips chloride. (4%), hydrolyzed chicken liver, salmon oil (2%), flaxseed (1% ), sodium ANALYTICAL CONSTITUENTS: crude protein 35 %, fat content 12 %, moisture 10 %, crude ash 8.8 %, crude fibre 2 %, calcium I.2 %, any 75-01, 939 phosphorus %, sodium 1.2 %. METABOLIZABLE ENERGY: 3,600 kcal/kg. FEEDING GUIDE: Se",,,,,,Finland,https://images.openpetfoodfacts.org/images/products/859/560/252/1449/front_fi.4.400.jpg,3,0.6,yes,no,open_database,exact_barcode,needs_admin_review,open_pet_food_facts,https://world.openpetfoodfacts.org/product/8595602521449,2026-06-26
7613034955418,Purina,chat stérilisé d'intérieur poulet,food,cat,"1,5k",,0.0,0.0,,,0.0,France,https://images.openpetfoodfacts.org/images/products/761/303/495/5418/front_fr.25.400.jpg,3,0.59,no,yes,open_database,exact_barcode,needs_admin_review,open_pet_food_facts,https://world.openpetfoodfacts.org/product/7613034955418,2026-06-26
8480000383044,Compy,"Comida de perros adultos con ternera, pollo, verduras y arroz",food,dog,4 kg,,25.0,12.0,,,25.0,Spain,https://images.openpetfoodfacts.org/images/products/848/000/038/3044/front_es.8.400.jpg,3,0.57,no,yes,open_database,exact_barcode,needs_admin_review,open_pet_food_facts,https://world.openpetfoodfacts.org/product/8480000383044,2026-06-26
3182550831383,royal canin,adult mini 8+,food,dog,2kg,,2.7,1.6,,,0.4,France,https://images.openpetfoodfacts.org/images/products/318/255/083/1383/front_fr.42.400.jpg,3,0.57,no,yes,open_database,exact_barcode,needs_admin_review,open_pet_food_facts,https://world.openpetfoodfacts.org/product/3182550831383,2026-06-26
3065890129306,whiskas,Sélection classique,food,cat,4.8 kg (48 x 100 g),,,,,84.0,,France,https://images.openpetfoodfacts.org/images/products/306/589/012/9306/front_fr.4.400.jpg,3,0.57,no,yes,open_database,exact_barcode,needs_admin_review,open_pet_food_facts,https://world.openpetfoodfacts.org/product/3065890129306,2026-06-26
3596710523665,Auchan,Croquettes riches en dinde fraiche,food,dog,1.2 kg,"Volaille (dont dinde fraîche* 14%), amidon de pomme de terre, pois (15%)*, graisses animales, protéines animales hydrolysées, pulpe de betterave déshydratée (3%), levure de bière, chicorée déshydratée (1%), minéraux, huile de poisson, pommes déshydratées , carottes déshydratées (0.35%), brocoli déshydraté (0.15%), chlorure de potassium, canneberges déshydratées. * ingrédient naturel",,,,,,France,https://images.openpetfoodfacts.org/images/products/359/671/052/3665/front_fr.29.400.jpg,3,0.56,yes,yes,open_database,exact_barcode,needs_admin_review,open_pet_food_facts,https://world.openpetfoodfacts.org/product/3596710523665,2026-06-26
3182550793612,Royal Canin,Puppy X-Small,food,dog,1.5 kg,saepulloh,,,,,,Indonesia,https://images.openpetfoodfacts.org/images/products/318/255/079/3612/front_id.35.400.jpg,3,0.56,yes,no,open_database,exact_barcode,needs_admin_review,open_pet_food_facts,https://world.openpetfoodfacts.org/product/3182550793612,2026-06-26
3065890153585,Whiskas,Whiskas 1+ Vis selectie in gelei,food,cat,12 x 85 g,,8.45,0.4,0.0,,6.2,Netherlands,https://images.openpetfoodfacts.org/images/products/306/589/015/3585/front_fr.3.400.jpg,3,0.55,no,yes,open_database,exact_barcode,needs_admin_review,open_pet_food_facts,https://world.openpetfoodfacts.org/product/3065890153585,2026-06-26
7613287080646,Purina,Gourmet revelation,food,cat,4 × 57g,,,,,,,France,https://images.openpetfoodfacts.org/images/products/761/328/708/0646/front_fr.3.400.jpg,3,0.5,no,no,open_database,exact_barcode,needs_admin_review,open_pet_food_facts,https://world.openpetfoodfacts.org/product/7613287080646,2026-06-26
8480000159861,Compy,"Comida gato adulto con pollo, ternera, frutas y verduras",food,cat,2 kg,,,,,,,Spain,https://images.openpetfoodfacts.org/images/products/848/000/015/9861/front_es.3.400.jpg,3,0.49,no,no,open_database,exact_barcode,needs_admin_review,open_pet_food_facts,https://world.openpetfoodfacts.org/product/8480000159861,2026-06-26
7613033743771,Felix,Knabber Mix Original,food,cat,60g,,,,,,,France;Germany,https://images.openpetfoodfacts.org/images/products/761/303/374/3771/front_de.20.400.jpg,3,0.49,no,no,open_database,exact_barcode,needs_admin_review,open_pet_food_facts,https://world.openpetfoodfacts.org/product/7613033743771,2026-06-26
5400111191089,Delhaize,Terrine riche en Boeuf,food,dog,300 g,,,,,,,Belgium,https://images.openpetfoodfacts.org/images/products/540/011/119/1089/front_fr.3.400.jpg,3,0.47,no,no,open_database,exact_barcode,needs_admin_review,open_pet_food_facts,https://world.openpetfoodfacts.org/product/5400111191089,2026-06-26
3166780029802,Riga,Chick'os Filet,food,dog,100 g,,,,,,,France,https://images.openpetfoodfacts.org/images/products/316/678/002/9802/front_fr.9.400.jpg,3,0.47,no,no,open_database,exact_barcode,needs_admin_review,open_pet_food_facts,https://world.openpetfoodfacts.org/product/3166780029802,2026-06-26
7613034453907,Purina,Purina one special chat d’interieur,food,cat,,,3.0,0.61,,,0.5,France,https://images.openpetfoodfacts.org/images/products/761/303/445/3907/front_fr.11.400.jpg,3,0.47,no,yes,open_database,exact_barcode,needs_admin_review,open_pet_food_facts,https://world.openpetfoodfacts.org/product/7613034453907,2026-06-26
3250390176411,Canaillou,Crockies,food,dog,,,,,,,,France,https://images.openpetfoodfacts.org/images/products/325/039/017/6411/front_fr.12.400.jpg,3,0.46,no,yes,open_database,exact_barcode,needs_admin_review,open_pet_food_facts,https://world.openpetfoodfacts.org/product/3250390176411,2026-06-26
5407009641060,Edgar Cooper,Pâté Onctueux,food,dog,680 g (8 x 85 g),,,,,,,France,https://images.openpetfoodfacts.org/images/products/540/700/964/1060/front_fr.6.400.jpg,3,0.46,no,no,open_database,exact_barcode,needs_admin_review,open_pet_food_facts,https://world.openpetfoodfacts.org/product/5407009641060,2026-06-26
5011792002726,Butcher's,Butcher's nourishing food for dog's with tripe,food,dog,400 g,,,,,,,United Kingdom,https://images.openpetfoodfacts.org/images/products/501/179/200/2726/front_en.6.400.jpg,3,0.46,no,no,open_database,exact_barcode,needs_admin_review,open_pet_food_facts,https://world.openpetfoodfacts.org/product/5011792002726,2026-06-26
4008239230096,Vitakraft,Vitakraft Beefstick rund,food,dog,12 g,,,,,,,Netherlands,https://images.openpetfoodfacts.org/images/products/400/823/923/0096/front_fr.13.400.jpg,3,0.45,no,no,open_database,exact_barcode,needs_admin_review,open_pet_food_facts,https://world.openpetfoodfacts.org/product/4008239230096,2026-06-26
3065890090569,,"Aliment Pour Chien Mijotés Du Terroir 4 Variétés Pedigree,",food,dog,,,,,,,0.0,France,https://images.openpetfoodfacts.org/images/products/306/589/009/0569/front_fr.7.400.jpg,3,0.4,no,yes,open_database,exact_barcode,needs_admin_review,open_pet_food_facts,https://world.openpetfoodfacts.org/product/3065890090569,2026-06-26
8402001009150,Delikuit,Bocaditos en salsa gato adulto esterilizado,food,cat,,,,,,,,Portugal,https://images.openpetfoodfacts.org/images/products/840/200/100/9150/front_en.3.400.jpg,3,0.38,no,no,open_database,exact_barcode,needs_admin_review,open_pet_food_facts,https://world.openpetfoodfacts.org/product/8402001009150,2026-06-26
3256222711423,U,"Aliment Pour Chien Terrine Au Poulet U,",food,dog,,,,,,,,France,https://images.openpetfoodfacts.org/images/products/325/622/271/1423/front_fr.9.400.jpg,3,0.36,no,no,open_database,exact_barcode,needs_admin_review,open_pet_food_facts,https://world.openpetfoodfacts.org/product/3256222711423,2026-06-26
7613036514415,,Croquettes chiens,food,dog,,,,,,,,France,https://images.openpetfoodfacts.org/images/products/761/303/651/4415/front_fr.17.400.jpg,3,0.36,no,yes,open_database,exact_barcode,needs_admin_review,open_pet_food_facts,https://world.openpetfoodfacts.org/product/7613036514415,2026-06-26
0634065322366,,Croquettes pour chats,food,cat,,,,,,,,France,https://images.openpetfoodfacts.org/images/products/063/406/532/2366/front_fr.3.400.jpg,3,0.36,no,yes,open_database,exact_barcode,needs_admin_review,open_pet_food_facts,https://world.openpetfoodfacts.org/product/0634065322366,2026-06-26
3065890073630,Whiskas,BTE 1 / 2 REPAS GELEE SAUMON WHISKAS,food,cat,,,,,,,,France,https://images.openpetfoodfacts.org/images/products/306/589/007/3630/front_fr.4.400.jpg,3,0.36,no,no,open_database,exact_barcode,needs_admin_review,open_pet_food_facts,https://world.openpetfoodfacts.org/product/3065890073630,2026-06-26
7613038195148,,Croquettes pour chat,food,cat,,,,,,,,France,https://images.openpetfoodfacts.org/images/products/761/303/819/5148/front_fr.3.400.jpg,3,0.36,no,yes,open_database,exact_barcode,needs_admin_review,open_pet_food_facts,https://world.openpetfoodfacts.org/product/7613038195148,2026-06-26
26046310,,Dental snack,food,dog,,,,,,,,France,https://images.openpetfoodfacts.org/images/products/000/002/604/6310/front_fr.4.400.jpg,3,0.28,no,no,open_database,exact_barcode,needs_admin_review,open_pet_food_facts,https://world.openpetfoodfacts.org/product/26046310,2026-06-26
3250391421190,,Canaillou Croq Chien Seni,food,dog,,,,,,,,France,https://images.openpetfoodfacts.org/images/products/325/039/142/1190/front_fr.7.400.jpg,3,0.28,no,no,open_database,exact_barcode,needs_admin_review,open_pet_food_facts,https://world.openpetfoodfacts.org/product/3250391421190,2026-06-26
8720299276543,,Cat food,food,cat,,,,,,,,France,https://images.openpetfoodfacts.org/images/products/872/029/927/6543/front_fr.3.400.jpg,3,0.28,no,no,open_database,exact_barcode,needs_admin_review,open_pet_food_facts,https://world.openpetfoodfacts.org/product/8720299276543,2026-06-26
5010394986045,,Pedigree Rodeo Snack Pour Chiens En Spirales Au Poulet,food,dog,,,,,,,,France,,3,0.2,no,no,open_database,exact_barcode,needs_admin_review,open_pet_food_facts,https://world.openpetfoodfacts.org/product/5010394986045,2026-06-26
4008429055553,Frolic,Frolic mini,food,dog,1 kg,,17.0,14.5,,20.0,,France,https://images.openpetfoodfacts.org/images/products/400/842/905/5553/front_fr.16.400.jpg,3,0.0,no,yes,open_database,exact_barcode,needs_admin_review,open_pet_food_facts,https://world.openpetfoodfacts.org/product/4008429055553,2026-06-26
5900951248658,whiskas,croquettes chat stérilisé,food,cat,"1,75kg",,,,,,,France,https://images.openpetfoodfacts.org/images/products/590/095/124/8658/front_fr.5.400.jpg,3,0.0,no,no,open_database,exact_barcode,needs_admin_review,open_pet_food_facts,https://world.openpetfoodfacts.org/product/5900951248658,2026-06-26
3065890073616,Whiskas,La carte du pêcheur en gelée Whiskas,food,cat,4 X 390 g,,,,,,,France,https://images.openpetfoodfacts.org/images/products/306/589/007/3616/front_fr.3.400.jpg,3,0.0,no,no,open_database,exact_barcode,needs_admin_review,open_pet_food_facts,https://world.openpetfoodfacts.org/product/3065890073616,2026-06-26
3182550708180,Royal Canin,Puppy Medium,food,dog,4 kg,"protéine de volaille déshydratée, mais, graisses animales, pulpe de betterave, isolat de protéines vegetales, gluten de mais, protéines de porc deshydratees, riz, farine de blé, hydrolysat de protéines animales, blé, farine de mais, sels minéraux, huile de poisson, huile de soja, levures et composants de levures, fructo-oligo-saccharides (0,34%), hydrolysat de levure (source de manno-oligo-saccharides), extraits de levure (source de bêta-glucans), extraits de rose d'inde (source de lutéine).",3.2,2.0,0.8,,33.08,France,https://images.openpetfoodfacts.org/images/products/318/255/070/8180/front_fr.24.400.jpg,2,0.99,yes,yes,open_database,exact_barcode,needs_admin_review,open_pet_food_facts,https://world.openpetfoodfacts.org/product/3182550708180,2026-06-26
20163365,Coshida,Émincés à l'agneau à la volaile et aux légumes,food,cat,415 g,"viandes et sous-produits animaux (agneau 4%, volaille 4%), céréales, légumes 4%, extraits de protéines végétales, minéraux",0.65,0.35,,,,France,https://images.openpetfoodfacts.org/images/products/000/002/016/3365/front_fr.7.400.jpg,2,0.99,yes,yes,open_database,exact_barcode,needs_admin_review,open_pet_food_facts,https://world.openpetfoodfacts.org/product/20163365,2026-06-26
20290139,Coshida,Émincés à la dinde et au foie,food,cat,415 g,"viandes et sous-produits animaux (dinde 4%, foie 4%), céréales, extraits de protéines végétales, minéraux, additifs (vitamines (vitamine D3, vitamine E, biotine, vitamine B1, vitamine B6, choline), Oligo-éléments (cuivre, iode, manganèse, zinc))",0.65,0.35,0.05,,,France,https://images.openpetfoodfacts.org/images/products/000/002/029/0139/front_fr.6.400.jpg,2,0.99,yes,yes,open_database,exact_barcode,needs_admin_review,open_pet_food_facts,https://world.openpetfoodfacts.org/product/20290139,2026-06-26
5998749122228,WALTHAM,DREAMIES,food,cat,60g,céréales. huiles et graisses. sous produits d'origine végétale. viandes et sous produits animaux. substances minérales. extraits de protéines végétales protéines 22℅ matières grasses 22℅ matière inorganique 9℅ cellulose brute 2 ℅,,,,,40.8,France,https://images.openpetfoodfacts.org/images/products/599/874/912/2228/front_fr.6.400.jpg,2,0.96,yes,yes,open_database,exact_barcode,needs_admin_review,open_pet_food_facts,https://world.openpetfoodfacts.org/product/5998749122228,2026-06-26
26046068,Juliet,Pâtée Gourmande,food,cat,100g,"viandes et sous-produits animaux (4% de poulet, 4% de dinde, 4% de canard), sous-produits d'origine végétale (0,4 % d'inuline issue de chicorée), substances minérales. Additifs nutritionnels : vitamine D3 200 UI/kg, Vitamine E 100mg/kg, Biotine 100ug/kg, Taurine 100mg/kg, Manganese (sulfate manganeux monohydraté) 3mg/kg, Zinc (sulfate de zinc monohydraté) 20mg/kg.",,,,,,France,https://images.openpetfoodfacts.org/images/products/000/002/604/6068/front_fr.18.400.jpg,2,0.88,yes,yes,open_database,exact_barcode,needs_admin_review,open_pet_food_facts,https://world.openpetfoodfacts.org/product/26046068,2026-06-26
8480000521187,Compy,Corazones,food,dog,350 g ℮,"Carnes y subproductos animales (4% de pollo fresco), cereales, subproductos de origen vegetal, azúcares, aceites y grasas, extractos de proteínas vegetales, sustancias minerales, paredes de levaduras (500mg/kg).",,,,20.0,,Spain,https://images.openpetfoodfacts.org/images/products/848/000/052/1187/front_es.19.400.jpg,2,0.8,yes,yes,open_database,exact_barcode,needs_admin_review,open_pet_food_facts,https://world.openpetfoodfacts.org/product/8480000521187,2026-06-26
3564700706701,Tous les amis,Les gourmandises,food,cat,60 g,"Céréales, viandes et sous-produits animaux (dont poulet déshydraté 10%), huiles et graisses, extraits de protéines végétales, poisssons et sous-produits de poissons, lait et produits de laiterie (dont fromage en poudre 4%), substances minérales Additifs : colorants, vitamine A : 9000 UI/kg, vitamine D3 : 630 UI/kg, Taurine : 1000 UI/kg",20.0,12.0,,10.0,188.0,France,https://images.openpetfoodfacts.org/images/products/356/470/070/6701/front_fr.11.400.jpg,2,0.8,yes,yes,open_database,exact_barcode,needs_admin_review,open_pet_food_facts,https://world.openpetfoodfacts.org/product/3564700706701,2026-06-26
4047777095699,select gold,Select Gold Sensitive Maxi Senior,food,dog,12kg,"riz (45 %), protéines d'agneau (17 %), viande d'agneau (hydrolysée, 10 %), protéines de riz, graisse de volaille, pulpe de betterave mélassée (désucrée), hydrolysat de foie, graines de lin (15 %), pulpe de pomme, huile de tournesol, huile de colza, levure (extraite, 0,2 % = 0,05 % bêta-glucanes et 0,036 % mannane-oligosaccharides), poudre de chicorée (0,15 % = 0,1 % inuline), algues marines (0,05 %), poudre de moules aux orles verts (0,05 %), Yucca schidigera (0,05 %), poudre de thé vert (0,04 %), anis (0,025 %), carvi (0,025 %).",22.0,,,,,France,https://images.openpetfoodfacts.org/images/products/404/777/709/5699/front_fr.14.400.jpg,2,0.79,yes,yes,open_database,exact_barcode,needs_admin_review,open_pet_food_facts,https://world.openpetfoodfacts.org/product/4047777095699,2026-06-26
4047777184539,Real Nature,Wilde Savanne,food,cat,400g,"ANGYSCHE bestandteile Constituants alialy Compenenă analitici Analytische bestanddelen Analytiske bestanddele Analitikai összetevik. Analytical constituents Składniki analitycne 10,9%e Pretein protéine proteina eiwit - fehéeie a Fettgehalt matières grasses brutes dli e gra Sammensætning Osszetétel · Skład Lamm (aus Herzen, Fleisch. wensetzung Composition Composizione Samenstelling . fegato) lam (hart, vlees, longen, lever)-lam (af hjerte, kød, lunge, Lungen, Lebern) agneau (à base de ceurs, viande, mous, foies) · o (da cuore, carne, polmone, 7,1% _grezzi vetgehalte fedtindhold - zsirtantaon fa",,,,,,Luxembourg,https://images.openpetfoodfacts.org/images/products/404/777/718/4539/front_de.3.400.jpg,2,0.79,yes,no,open_database,exact_barcode,needs_admin_review,open_pet_food_facts,https://world.openpetfoodfacts.org/product/4047777184539,2026-06-26
22128102,canistar,Aliment complet pour chien et chat,food,dog,300 g,"Glucides 17.25% - Sucres Totaux 0,62%",11.02,14.04,0.0,,114.0,Algeria,https://images.openpetfoodfacts.org/images/products/000/002/212/8102/front_fr.4.400.jpg,2,0.78,yes,yes,open_database,exact_barcode,needs_admin_review,open_pet_food_facts,https://world.openpetfoodfacts.org/product/22128102,2026-06-26
5998749125540,Pedigree,Pedigree Leckerbissen,food,dog,130g,"Getreide, pflanzliche Nebenerzeugnisse, Fleisch und tierische Nebenerzeugnisse (u.a. 4% Huhn und 1% Ente), Õle und Fette, Mineralstoffe, Saaten, Kräuter. Analytische Bestandteile (%): Protein: 20.5; Fettgehalt: 11.03; anorganischer Stoff: 8.5: Rohfaser: 2.5; Feuchtigkeit: 14.5; Calcium 1.7: Omega-3-Fettsäuren: 570 ma/kg; Brennwert: 333 kcal/100g genes Zusatzstoffe pro kg: Antioxidanzien; Ernährungsphysiologische Zusatzstoffe: Vitamin A: 5000 IE, Vitamin E: 50.0 mg, Eisen (Eisen-(11)-sulfat-Monohydrat): 15.0 mg. Bei Fragen wenden Sie sich bitte an: DE Mars GmbH, Postfach 1280, 27281 Verden (All",,,,,171.43,Germany,https://images.openpetfoodfacts.org/images/products/599/874/912/5540/front_de.4.400.jpg,2,0.78,yes,yes,open_database,exact_barcode,needs_admin_review,open_pet_food_facts,https://world.openpetfoodfacts.org/product/5998749125540,2026-06-26
8410650171029,Affinity,"Ultima - Croquettes Système Urinaire Au Poulet Pour Chat - 1,5KG",food,cat,"1,5 kg","Pollo (ossa, carne, pelle) 17%, proteina di mais, farina di mais 13%, proteine disidratate di maiale, piselli disidratati 7%, mais integrale 5%, proteine disidratate di pollame, grasso animale (pollame, maiale), orzo integrale 4%, proteine animali idrolizzate (pollame, maiale, pesce), frumento integrale 4%, sostanze minerali. Vitamina A 24300 IU, Vitamina D3 1080 IU, Vitamina E 400 mg, Taurina 1100 mg, Biotina 1 mg, Solfato di ferro(II) monoidrato 260 mg (Fe 86 mg), Ioduro di potassio 1.9 mg (I 1.4 mg), Solfato di rame(II) pentaidrato 33 mg (Cu 8.8 mg), Solfato manganoso monoidrato 123 mg (Mn",0.1,0.1,,,0.4,France;Italy,https://images.openpetfoodfacts.org/images/products/841/065/017/1029/front_fr.17.400.jpg,2,0.78,yes,yes,open_database,exact_barcode,needs_admin_review,open_pet_food_facts,https://world.openpetfoodfacts.org/product/8410650171029,2026-06-26
3700260205883,Ultima,Ultima adulte Stérilisé,food,cat,"7,5 kg","protéines : 35% matières grasses : 12% cellulose brute : 4,5% matière minérale : 7,5% sodium : 0,6%",,,,,,France,https://images.openpetfoodfacts.org/images/products/370/026/020/5883/front_fr.4.400.jpg,2,0.78,yes,yes,open_database,exact_barcode,needs_admin_review,open_pet_food_facts,https://world.openpetfoodfacts.org/product/3700260205883,2026-06-26
0030111493255,Royal Canin,Puppy Food,food,dog,1.14 kg,"Chicken by-product meal, brewers rice, chicken fat, wheat gluten, corn, dried plain beet pulp, natural flavors, corn gluten meal, monocalcium phosphate, pea fiber, vegetable oil, sodium aluminosilicate, calcium carbonate, potassium chloride, fish oil, taurine, fructooligosaccharides, sodium tripolyphosphate, rice flour, hydrolyzed yeast, salt, choline chloride, marine microalgae oil, DL-methionine, vitamins[DL-alpha tocopherol acetate (source of vitamin E), L-ascorbyl-2-polyphosphate (source of vitamin C), biotin, D-calcium pantothenate, vitamin A acetate, pyridoxine hydrochloride (vitamin B6)",,,,10.5,,Canada;United States,https://images.openpetfoodfacts.org/images/products/003/011/149/3255/front_en.5.400.jpg,2,0.76,yes,yes,open_database,exact_barcode,needs_admin_review,open_pet_food_facts,https://world.openpetfoodfacts.org/product/0030111493255,2026-06-26
5425039486437,Edgard  Cooper,Poulet & saumon,food,dog,150 g,"poulet 42%, saumon 14%, minéraux, pois 2%, patates douces 1%, citrouille 1%, brocoli 1%, cranberries 1%, persil 0,1%, aneth 0,1% zinc (sulfate de zinc monohydraté) 15,2 mg, manganèse (sulfate manganeux monohydraté) 3,2 mg, iode (iodate de calcium anhydre) 0,5 mg",,,,82.0,84.5,France,https://images.openpetfoodfacts.org/images/products/542/503/948/6437/front_fr.7.400.jpg,2,0.76,yes,yes,open_database,exact_barcode,needs_admin_review,open_pet_food_facts,https://world.openpetfoodfacts.org/product/5425039486437,2026-06-26
4770608262044,Whiskas,whiskas,food,cat,12,"saumon, poissons, thon,cabillaud",,,,,0.4,France,https://images.openpetfoodfacts.org/images/products/477/060/826/2044/front_fr.13.400.jpg,2,0.76,yes,yes,open_database,exact_barcode,needs_admin_review,open_pet_food_facts,https://world.openpetfoodfacts.org/product/4770608262044,2026-06-26
3596710485796,Auchan,Bouchées en sauce,food,cat,1.6 kg,"Au thon et au saumon : Viandes et sous-produits animaux, poissons et sous-produitsde poissons (dont thon 4% et saumon 4%), céréales, légumes (3% de carottes et 0.5% de petits pois déshydratés équivaut à 2% de petits pois), substancesminérales, sucres.  Au boeuf et au foie : Viandes et sous-produits animaux (dont boeuf 4% et foie 4%), céréales, légumes (3% de carottes et 2% de haricots verts), substances minérales, sucres.  À la dinde et au canard : Viandes et sous-produits animaux (dont dinde 4% et canard 4%), céréales, légumes (3% de carottes et 2% de haricots verts), substances minérales, su",,,,,,France,https://images.openpetfoodfacts.org/images/products/359/671/048/5796/front_fr.43.400.jpg,2,0.7,yes,yes,open_database,exact_barcode,needs_admin_review,open_pet_food_facts,https://world.openpetfoodfacts.org/product/3596710485796,2026-06-26
4062911018518,Feringa,Poulet,food,cat,410 g,"75% chicken (comprising: chicken meat, chicken hearts, chicken liver, chicken gizzards, chicken necks), 21.9% chicken broth, 2% pumpkin, 0.7% minerals, 0.2% catnip, 0.1% inulin, 0.1% spirulina.",,,,,10.3,France,https://images.openpetfoodfacts.org/images/products/406/291/101/8518/front_en.21.400.jpg,2,0.69,yes,yes,open_database,exact_barcode,needs_admin_review,open_pet_food_facts,https://world.openpetfoodfacts.org/product/4062911018518,2026-06-26
7610376164232,Vitakraft,Liquid Snack with Salmon,food,cat,6 x 15g,,0.35,0.35,0.05,,,Norway,https://images.openpetfoodfacts.org/images/products/761/037/616/4232/front_en.6.400.jpg,2,0.69,no,yes,open_database,exact_barcode,needs_admin_review,open_pet_food_facts,https://world.openpetfoodfacts.org/product/7610376164232,2026-06-26
3428460025376,Eco Diana,Pâtée pour chats au bœuf,food,cat,100 g e,,,,,82.0,,Belgium;Morocco,https://images.openpetfoodfacts.org/images/products/342/846/002/5376/front_fr.20.400.jpg,2,0.69,no,yes,open_database,exact_barcode,needs_admin_review,open_pet_food_facts,https://world.openpetfoodfacts.org/product/3428460025376,2026-06-26
7613031868384,purina,friskies junior,food,cat,300 g,,,,,,,Romania,https://images.openpetfoodfacts.org/images/products/761/303/186/8384/front_ro.4.400.jpg,2,0.69,no,no,open_database,exact_barcode,needs_admin_review,open_pet_food_facts,https://world.openpetfoodfacts.org/product/7613031868384,2026-06-26
4008429088599,Perfect Fit,Perfect Fit Senior 7 + Riche En Poulet,food,cat,,,,,,,,Switzerland,https://images.openpetfoodfacts.org/images/products/400/842/908/8599/front_fr.25.400.jpg,2,0.69,no,yes,open_database,exact_barcode,needs_admin_review,open_pet_food_facts,https://world.openpetfoodfacts.org/product/4008429088599,2026-06-26
5010394001915,Dentastix,Friandises Dentastix,food,dog,880 g,"Céréales, sous-produits d'origine végétale, substances minérales (dont tripolyphosphate de sodium 2.3%), viandes et sous-produits animaux, huiles et graisses.",0.81,0.13,,,30.1,France,,2,0.68,yes,yes,open_database,exact_barcode,needs_admin_review,open_pet_food_facts,https://world.openpetfoodfacts.org/product/5010394001915,2026-06-26
8000066444505,Mara,Minestra di Vegatali,food,dog,100,,2.4,0.2,3.5,,42.0,United Arab Emirates,https://images.openpetfoodfacts.org/images/products/800/006/644/4505/front_en.8.400.jpg,2,0.68,no,yes,open_database,exact_barcode,needs_admin_review,open_pet_food_facts,https://world.openpetfoodfacts.org/product/8000066444505,2026-06-26
9300605153929,Nestlé Purina PetCare,Healthy Kitten With Chicken in Gravy,food,cat,70g,"Crude Protein 13.0%, Crude Fat 3.5%, Moisture 82% (Max), Crude Ash 2.50% (Max), Crude Fibre 0.55% (Max), DHA 30mg/100g (Min), Vit A 12,000 IU/kg (Min), Vit E 15 IU/kg (Min), Beta Glucans 70mg/kg (Min), Metabolizable Energy (ME)",,,,,,Australia,https://images.openpetfoodfacts.org/images/products/930/060/515/3929/front_en.6.400.jpg,2,0.68,yes,yes,open_database,exact_barcode,needs_admin_review,open_pet_food_facts,https://world.openpetfoodfacts.org/product/9300605153929,2026-06-26
0886817004215,Reveal,Chicken Breast in Broth,food,cat,70 g,"Chicken Breast, Chicken Broth. Crude Protein (min) 14%, Crude Fat (min) 0.1%, Crude Fiber (max) 2%, Moisture (max) 91%.",,,,,,United States,https://images.openpetfoodfacts.org/images/products/088/681/700/4215/front_en.23.400.jpg,2,0.68,yes,no,open_database,exact_barcode,needs_admin_review,open_pet_food_facts,https://world.openpetfoodfacts.org/product/0886817004215,2026-06-26
4017721837194,Animonda,Carny Adult Rind+Huhn,food,cat,400g,"35 % Rind (Rinderlunge, Rinderherz, Rindernieren, Rinderfleisch, Rindereuter), 30 % Huhn (Huhnleber, Huhnfleisch, Huhnmagen, Huhnhals), Calciumcarbonat, Natriumchlorid",1.15,0.65,,79.0,,Germany,https://images.openpetfoodfacts.org/images/products/401/772/183/7194/front_de.15.400.jpg,2,0.68,yes,yes,open_database,exact_barcode,needs_admin_review,open_pet_food_facts,https://world.openpetfoodfacts.org/product/4017721837194,2026-06-26
3560071000028,Carrefour,Companino Vitalive Medium,food,dog,4 kg,"Céréales, sous-produits d'origine végétale, viandes et sous-produits animaux (dont poulet déshydraté 4%), huiles et graisses, levures, substances minérales.",,,,,,France;Italy;Poland;Romania;Spain,https://images.openpetfoodfacts.org/images/products/356/007/100/0028/front_fr.18.400.jpg,2,0.66,yes,no,open_database,exact_barcode,needs_admin_review,open_pet_food_facts,https://world.openpetfoodfacts.org/product/3560071000028,2026-06-26
